asdfsayyggyigiuyd@sdfasd.com|defads|1|ORANGE_STB|
asyiugiyuguidfsayyggyigiuyd@sdfasd.com|defads|1|ORANGE_STB|
idfsayyggyigiuyd@sdfasd.com|defads|1|ORANGE_STB|
iojoijo@adasds.com|ijpioj|0|ORANGE_STB|
iouoiu@adas.com||0|ORANGE_STB|
iojoijo@adaijsds.com|ijpioj|0|ORANGE_STB|
iojoijio@adasd.com|iuhiouh|0|ORANGE_STB|
iojoijio@adasd.com2|uiyhiuh|0|ORANGE_STB|
iojoijio@adasd.com89|huiiuoh|0|ORANGE_STB|
test1@asda.com|iuhoiuh|0|ORANGE_STB|
testij1@asda.com|iuhoiuh|0|ORANGE_STB|
testij1okok@asda.comw|iuhoiuh|0|ORANGE_STB|
testij1oiojkok@asda.comw|iuhoiuh|0|ORANGE_STB|
testij1oiojkok90@asda.comw|iohjoj|0|ORANGE_STB|
testij123oiojkok90@asda.comw|iohjoj|0|ORANGE_STB|
oijiojoiji@asdasdhhh.com|oijoijioj|0|ORANGE_STB|
iojioj@adasd.com|hiuhiuiuyh|0|ORANGE_STB|
marc@asdas.com|marc|0|ORANGE_STB|
